1|102546490.00|RADIATOR:COOLING,525 MM WD X 3300 MM HT|COGN|0.00|99.00|0.00|99.00|102546490.00|1101.00
2|102546490.00|RADIATOR:COOLING,525 MM WD X 3300 MM HT|COGN|0.00|99.00|0.00|99.00|102546490.00|1501.00
3|100007549.00|RESISTOR,CRMC,22,+/-5,RADIAL LUGS CONN|GENT|0.00|99.00|0.00|99.00|100007549.00|1551.00
4|103320940.00|COIL,ELEC,CLOSING,125VDC,#LA516771J|TRAN|0.00|99.00|0.00|99.00|103320940.00|1301.00
5|152390670.00|BREAKER,CRCT,MC,400 VAC, 440 VDC,2 POLE|GENT|0.00|99.00|0.00|99.00|152390670.00|1301.00
6|119570450.00|BUSHING,DIFFUSER,AIR CONDITIONER,13 MM I|COGN|0.00|99.00|0.00|99.00|119570450.00|1171.00
7|119485560.00|RELAY:GP,250 VDC 7.5 A,2NO2NC,100/110 VD|COGN|9.00|27.00|0.00|99.00|119485560.00|1601.00
8|119690060.00|LAMP,INCAN,250 V,7,EDISON SCREW,CLEAR|TRAN|0.00|99.00|0.00|99.00|119690060.00|1601.00
9|119720020.00|LIGHT:WARNING,100 V,RED|COGN|0.00|99.00|0.00|99.00|119720020.00|1601.00
10|152870820.00|MODULE:CONTROL,VIBRATION LEVEL SETPOINT,|GENT|0.00|99.00|0.00|99.00|152870820.00|1601.00
11|119750030.00|BALLAST:HIGH INTENSITY DISCHARGE,220 VAC|COGN|0.00|99.00|0.00|99.00|119750030.00|1600.00
12|119300090.00|CELL,PHOTOELECTRIC,OUTDOOR LIGHTING,208|GENT|0.00|99.00|0.00|99.00|119300090.00|1321.00
13|152102090.00|ELEMENT,TC,#236T554005|GENT|0.00|99.00|0.00|99.00|152102090.00|1321.00
14|119448530.00|COIL,ELEC,OPEN /CLOSE,#A1453022COIL|GENT|0.00|99.00|0.00|99.00|119448530.00|1321.00
15|100007549.00|RESISTOR,CRMC,22,+/-5,RADIAL LUGS CONN|GENT|0.00|99.00|0.00|99.00|100007549.00|1321.00
16|142167900.00|SEAL,ROTOR,59 MM ID X 72 MM OD X 18 MM W|GENT|0.00|99.00|0.00|99.00|142167900.00|1321.00
17|152627280.00|SUPPRESSOR:SURGE,200 V 50/60 HZ|GENT|0.00|99.00|0.00|99.00|152627280.00|1321.00
18|119412310.00|BREAKER,CRCT,MC,480 VAC, 250 VDC,3 POLE|GENT|0.00|99.00|0.00|99.00|119412310.00|1601.00
19|119668190.00|DELETED:USE,906500026,13/04/2015|COGN|0.00|99.00|0.00|99.00|119668190.00|1521.00
20|119721030.00|LAMP,INCAN,12V,MOGUL,CLEAR|TRAN|0.00|99.00|0.00|99.00|119721030.00|1141.00
21|119342260.00|RECEPTACLE,ELEC,380 V,100KVA,4 POLE,4 W|GENT|9.00|27.00|0.00|99.00|119342260.00|1141.00
22|152237470.00|THERMOCOUPLE:TEMPERATURE,K,200 TO 2300 D|GENT|0.00|99.00|0.00|99.00|152237470.00|1141.00
23|152237580.00|THERMOCOUPLE:TEMPERATURE,K,200 TO 2300 D|GENT|0.00|99.00|0.00|99.00|152237580.00|1141.00
24|152237600.00|THERMOCOUPLE:TEMPERATURE,K,200 TO 2300 D|GENT|0.00|99.00|0.00|99.00|152237600.00|1141.00
25|119690020.00|LAMP,INCAN,130 V,7,MOGUL,CLEAR|COGN|0.00|99.00|0.00|99.00|119690020.00|1141.00
26|103320940.00|COIL,ELEC,CLOSING,125VDC,#LA516771J|TRAN|0.00|99.00|0.00|99.00|103320940.00|1141.00
27|119607320.00|SWITCH,SEL,MNL,#ABG104P2T10A|TRAN|0.00|99.00|0.00|99.00|119607320.00|1141.00
28|152237450.00|THERMOCOUPLE:TEMPERATURE,K,200 TO 2300 D|GENT|0.00|99.00|0.00|99.00|152237450.00|1141.00
29|119720060.00|LIGHT,INCAN,220 VAC,75,MOGUL SKT,WL,#170|COGN|0.00|99.00|0.00|99.00|119720060.00|1141.00
30|135470010.00|SWITCH,SEL,MAINTAINED,500 V 10 A 60 HZ|TRAN|0.00|99.00|0.00|99.00|135470010.00|1141.00
31|119750250.00|SHADE:LIGHTING,1 M AND 505 MM SQUARE X 9|COGN|0.00|99.00|0.00|99.00|119750250.00|1141.00
32|119740080.00|LIGHT:HID,MERCURY VAPOR,TRUNNION BRACKET|GENT|0.00|99.00|0.00|99.00|119740080.00|1141.00
33|152237520.00|THERMOCOUPLE:TEMPERATURE,K,UNGROUNDED SI|GENT|0.00|99.00|0.00|99.00|152237520.00|1141.00
34|135310330.00|RELAY:GP,ELECTROMAGNETIC,5 A,4NC,110 TO|TRAN|0.00|99.00|0.00|99.00|135310330.00|1141.00
35|135310840.00|DELETED:USE,135310840,28 Dec 2014|COGN|0.00|99.00|0.00|99.00|135310840.00|1141.00
36|119730520.00|FIXTURE,FLOODLIGHT MERCURY VAPOR,STL,#C5|GENT|0.00|99.00|0.00|99.00|119730520.00|1141.00
37|119740050.00|FIXTURE,FLOOD LIGHT,AL|COGN|0.00|99.00|0.00|99.00|119740050.00|1141.00
38|119750020.00|BALLAST:FLUORESCENT,120 VAC,0.75 A,90 W,|COGN|0.00|99.00|0.00|99.00|119750020.00|1141.00
39|119750470.00|PANEL,CNTRL,LTNG|COGN|0.00|99.00|0.00|99.00|119750470.00|1141.00
40|119492080.00|FUSE:LOW VOLTAGE,125 A,500 VAC,SLOW BLOW|COGN|0.00|99.00|0.00|99.00|119492080.00|1141.00
41|155066730.00|COMPOUND,SEALING,RED,TB,#RTV106|GENT|0.00|99.00|0.00|99.00|155066730.00|1141.00
42|100009826.00|NUT,CPLG,STL,34 MM,4 MM,#D325115P158|GENT|0.00|99.00|0.00|99.00|100009826.00|1141.00
43|119740060.00|LIGHT:HID,HIGH PRESSURE SODIUM,300 VAC,4|GENT|0.00|99.00|0.00|99.00|119740060.00|1141.00
44|142160340.00|SHIM:CLEARANCE ADJUSTING,1 MM THK,22 MM|GENT|0.00|99.00|0.00|99.00|142160340.00|1141.00
45|142160380.00|SHIM:CLEARANCE ADJUSTING,2 MM THK,(22 MM|GENT|0.00|99.00|0.00|99.00|142160380.00|1141.00
46|152443260.00|INDICATOR:TEMPERATURE,163 MM DIA X 81 MM|GENT|0.00|99.00|0.00|99.00|152443260.00|1141.00
47|119730010.00|LIGHT,INCAN,100KVA,MOGUL SKT,WL|COGN|0.00|99.00|0.00|99.00|119730010.00|1141.00
48|152550940.00|RELAY,TIME DELAY,0 TO 5 SECOND,3NO1NC,#A|GENT|0.00|99.00|0.00|99.00|152550940.00|1151.00
49|153010940.00|CONTACTOR:RELAY,220/415/690/1000 V LINE,|GENT|0.00|99.00|0.00|99.00|153010940.00|1151.00
50|153040810.00|CONTACTOR,MTR,1000 VAC LV,800A,3 POLE,#E|GENT|0.00|99.00|0.00|99.00|153040810.00|1151.00
51|119443920.00|CONTACTOR,MTR,600V LV,63,2 POLE,#AMCCNOR|GENT|0.00|99.00|0.00|99.00|119443920.00|1151.00
52|119443800.00|CONTACTOR,MTR,500V LV,60HZ,3 POLE,#HTGA3|GENT|0.00|99.00|0.00|99.00|119443800.00|1151.00
53|119441010.00|CONTACTOR:RELAY,600 V LINE,220 VAC COIL,|GENT|0.00|99.00|0.00|99.00|119441010.00|1151.00
54|152540920.00|CONTACTOR,MTR,500V LV,20,4 POLE,#SLC12IB|GENT|0.00|99.00|0.00|99.00|152540920.00|1151.00
55|119489430.00|BREAKER,CRCT,MC,380V,2 POLE,4 A,#S212K4A|TRAN|9.00|27.00|0.00|99.00|119489430.00|1141.00
56|119440330.00|CONTACTOR,MTR,220/380/500/660 VAC LV,40|GENT|0.00|99.00|0.00|99.00|119440330.00|1151.00
57|119450200.00|PROTECTOR,MOTOR CIRCUIT,660 VAC,PLASTIC,|GENT|0.00|99.00|0.00|99.00|119450200.00|1151.00
58|155062810.00|PIPE:METALLIC,1/4 IN,2.6 FT LG,PLAIN END|GENT|0.00|99.00|0.00|99.00|155062810.00|1141.00
59|153846810.00|SWITCH,LMT,#V3L5004|GENT|0.00|99.00|0.00|99.00|153846810.00|1321.00
60|152137260.00|THERMOMETER,DIAL,0-100 DEG C,#11F1X|GENT|0.00|99.00|0.00|99.00|152137260.00|1141.00
61|119420060.00|BREAKER,CRCT,MC,380V,2 POLE,2 A,#S212K2A|TRAN|0.00|99.00|0.00|99.00|119420060.00|1151.00
62|153780420.00|BEARING,ROLLER,SGL R,45MM ID,85 MM OD,#2|GENT|0.00|99.00|0.00|99.00|153780420.00|1141.00
63|155064480.00|PLATE,LOCK,COMBUSTION INSPECTION,GAS TUR|GENT|0.00|99.00|0.00|99.00|155064480.00|1141.00
64|155018440.00|WASHER,LOCK,STL,M10,10.5 MM ID,1.5 MM TH|GENT|0.00|99.00|0.00|99.00|155018440.00|1141.00
65|155016080.00|BOLT,MACH,STL,M12 DIA,65 MM LG,1.75 MM|GENT|0.00|99.00|0.00|99.00|155016080.00|1141.00
66|152440460.00|BREAKER,CRCT,MC,220/380 VAC,1 POLE,25 A|GENT|0.00|99.00|0.00|99.00|152440460.00|1141.00
67|152440480.00|BREAKER,CRCT,MC,220/380 VAC,1 POLE,10 A|GENT|0.00|99.00|0.00|99.00|152440480.00|1141.00
68|152440470.00|BREAKER,CRCT,MC,380V,3 POLE,25 A,#S213L2|GENT|0.00|99.00|0.00|99.00|152440470.00|1141.00
69|152440490.00|BREAKER,CRCT,MC,380V,3 POLE,10 A,#S163L1|GENT|0.00|99.00|0.00|99.00|152440490.00|1141.00
70|152440510.00|BREAKER,CRCT,MC,380 VAC, 250 VDC,1 POLE|GENT|0.00|99.00|0.00|99.00|152440510.00|1141.00
71|152441140.00|CONTACTOR,MTR,600V LV,6,5A POLE,#HSA82|GENT|0.00|99.00|0.00|99.00|152441140.00|1141.00
72|153992410.00|GASKET,SEALING,CORD,5 MM DIA X 10 M AND|GENT|9.00|27.00|0.00|99.00|153992410.00|1141.00
73|142160310.00|KIT,TURBINE,SERVICE PARTS,ELECTRODE,SHIM|GENT|0.00|99.00|0.00|99.00|142160310.00|1141.00
74|142160320.00|SHIM:CLEARANCE ADJUSTING,(21 MM X 9 MM X|GENT|0.00|99.00|0.00|99.00|142160320.00|1141.00
75|142160330.00|SHIM:CLEARANCE ADJUSTING,1 MM THK,22 MM|GENT|0.00|99.00|0.00|99.00|142160330.00|1141.00
76|152447660.00|INDICATOR:TEMPERATURE,112 MM DIA,0-200 D|GENT|0.00|99.00|0.00|99.00|152447660.00|1141.00
77|155014010.00|KEY:SHAFT,CYLINDRICAL,5 MM DIA X 21.6 MM|GENT|0.00|99.00|0.00|99.00|155014010.00|1141.00
78|152447640.00|THERMOMETER,DIAL|GENT|0.00|99.00|0.00|99.00|152447640.00|1141.00
79|119411050.00|BREAKER,CRCT,MC,265 VAC,1 POLE,50 A|GENT|0.00|99.00|0.00|99.00|119411050.00|1141.00
80|119441610.00|CONTACTOR,MTR,550 VAC LV,30,3 POLE,#TGMS|GENT|0.00|99.00|0.00|99.00|119441610.00|1141.00
81|142167900.00|SEAL,ROTOR,59 MM ID X 72 MM OD X 18 MM W|GENT|0.00|99.00|0.00|99.00|142167900.00|1141.00
82|152134830.00|GAUGE,CMPND,MINUS 1 TO 0 TO 5 BAR|GENT|9.00|27.00|0.00|99.00|152134830.00|1141.00
83|152134840.00|GAUGE,PRES,0 TO 3 KG/SQCM,3/4 IN MPT,#LG|GENT|9.00|27.00|0.00|99.00|152134840.00|1141.00
84|152134850.00|GAUGE,PRES,0 TO 3 KG/SQCM,3/4 IN MPT|GENT|9.00|27.00|0.00|99.00|152134850.00|1141.00
85|152134860.00|GAUGE,PRES,0 TO 4 BAR,3/4 IN MPT|GENT|9.00|27.00|0.00|99.00|152134860.00|1141.00
86|152134870.00|GAUGE,PRES,0 TO 4 BAR, 0 TO 60 PSI|GENT|9.00|27.00|0.00|99.00|152134870.00|1141.00
87|152134880.00|GAUGE,PRES,0 TO 5 KG/SQCM,3/4 IN MPT|GENT|0.00|99.00|0.00|99.00|152134880.00|1141.00
88|152134950.00|GAUGE,PRES,0 TO 25 BAR,3/4 IN MPT|GENT|0.00|99.00|0.00|99.00|152134950.00|1141.00
89|152134960.00|GAUGE,PRES,0 TO 30 KG/SQCM,3/4 IN MPT|GENT|0.00|99.00|0.00|99.00|152134960.00|1141.00
90|152134970.00|GAUGE,PRES,0 TO 100 BAR,3/4 IN MPT|GENT|0.00|99.00|0.00|99.00|152134970.00|1141.00
91|152442500.00|GAUGE,PRES,0 TO 150 KG/SQCM,100MM DIAL|GENT|0.00|99.00|0.00|99.00|152442500.00|1141.00
92|153780420.00|BEARING,ROLLER,SGL R,45MM ID,85 MM OD,#2|GENT|0.00|99.00|0.00|99.00|153780420.00|1541.00
93|153846810.00|SWITCH,LMT,#V3L5004|GENT|0.00|99.00|0.00|99.00|153846810.00|1141.00
94|153040810.00|CONTACTOR,MTR,1000 VAC LV,800A,3 POLE,#E|GENT|0.00|99.00|0.00|99.00|153040810.00|1141.00
95|155017270.00|THERMOSTAT:REGULATING,100 TO 300 DEG F R|GENT|0.00|99.00|0.00|99.00|155017270.00|1141.00
96|119440800.00|CONTACTOR,MTR,500V LV,80,3 POLE,#SLA4022|GENT|0.00|99.00|0.00|99.00|119440800.00|1141.00
97|152541060.00|CIRCUIT:CONTROL,MEASURING 0-500 DEG C,PR|GENT|9.00|27.00|0.00|99.00|152541060.00|1141.00
98|119441500.00|CONTACTOR,MTR,2 POLE,125VDC COIL,#GPF41S|GENT|0.00|99.00|0.00|99.00|119441500.00|1141.00
99|119480050.00|BOX,ELEC,STL,RD,5A KO|COGN|0.00|99.00|0.00|99.00|119480050.00|1501.00
100|152444450.00|INDICATOR:POSITION,MIMIC BOARD-BAR,HORIZ|GENT|0.00|99.00|0.00|99.00|152444450.00|1141.00
101|152444460.00|INDICATOR:POSITION,MIMIC BOARD-BAR,HORIZ|GENT|0.00|99.00|0.00|99.00|152444460.00|1141.00
102|152550940.00|RELAY,TIME DELAY,0 TO 5 SECOND,3NO1NC,#A|GENT|0.00|99.00|0.00|99.00|152550940.00|1141.00
103|152152810.00|METER:FREQUENCY,ANALOG READOUT,PANEL MOU|GENT|0.00|99.00|0.00|99.00|152152810.00|1141.00
104|152445010.00|METER:FREQUENCY,ANALOG READOUT,PANEL MOU|GENT|0.00|99.00|0.00|99.00|152445010.00|1141.00
105|155017260.00|INDICATOR:TEMPERATURE,16 MM DIA X 250 MM|GENT|0.00|99.00|0.00|99.00|155017260.00|1141.00
106|152990010.00|GAUGE,VAC,MINIMUM TO MAXIMUM MM WATER|GENT|0.00|99.00|0.00|99.00|152990010.00|1141.00
107|142253610.00|TEE,PIPE,STL,1/2 IN,150 LB,FNPT|GENT|0.00|99.00|0.00|99.00|142253610.00|1141.00
108|119449610.00|COIL,ELEC,OPR,220 VAC 60 HZ,#GHB170150R1|COGN|0.00|99.00|0.00|99.00|119449610.00|1141.00
109|119720020.00|LIGHT:WARNING,100 V,RED|COGN|0.00|99.00|0.00|99.00|119720020.00|1501.00
110|119410300.00|BREAKER,CRCT,MC,250 /380 VAC,2 POLE,16 A|GENT|0.00|99.00|0.00|99.00|119410300.00|1141.00
111|119442320.00|CONTACTOR:RELAY,600 VDC LINE,125 VDC COI|GENT|0.00|99.00|0.00|99.00|119442320.00|1141.00
112|119442010.00|CONTACTOR,MTR,500V LV,90,3 POLE,#HTGA341|GENT|0.00|99.00|0.00|99.00|119442010.00|1141.00
113|119309630.00|SWITCH,LMT,#GTR0601004P2|GENT|0.00|99.00|0.00|99.00|119309630.00|1141.00
114|152137250.00|THERMOMETER,DIAL,0-100 DEG C,#3253314717|GENT|0.00|99.00|0.00|99.00|152137250.00|1141.00
115|119720020.00|LIGHT:WARNING,100 V,RED|COGN|0.00|99.00|0.00|99.00|119720020.00|1141.00
116|142254010.00|KEY:SHAFT,SQUARE,7 MM WD X 41 MM LG X 7|GENT|0.00|99.00|0.00|99.00|142254010.00|1141.00
117|119443920.00|CONTACTOR,MTR,600V LV,63,2 POLE,#AMCCNOR|GENT|0.00|99.00|0.00|99.00|119443920.00|1141.00
118|142251620.00|ELBOW,PADPTR,BRS,#5U0306|COGN|0.00|99.00|0.00|99.00|142251620.00|1141.00
119|155066010.00|PLUG,SPARK, IGNITION, COMBUSTER , GAS TU|GENT|0.00|99.00|0.00|99.00|155066010.00|1141.00
120|119448530.00|COIL,ELEC,OPEN /CLOSE,#A1453022COIL|GENT|0.00|99.00|0.00|99.00|119448530.00|1141.00
121|152441130.00|CONTACTOR: 40A, 220V, 60HZ, 2 NO + 2 NC|GENT|0.00|99.00|0.00|99.00|152441130.00|1141.00
122|152440560.00|CONTACTOR,MTR,200 TO 550 VAC LV,140,#SRC|GENT|0.00|99.00|0.00|99.00|152440560.00|1141.00
123|152136220.00|GAUGE,PRES,0 TO 1450 PSI, 0 TO 100 BAR|GENT|0.00|99.00|0.00|99.00|152136220.00|1141.00
124|119537300.00|THYRISTOR: CS42-02G02|GENT|9.00|27.00|0.00|99.00|119537300.00|1141.00
125|119537710.00|THYRISTOR,SCR,1600 A,TO209 VARM12,CS52-1|GENT|9.00|27.00|0.00|99.00|119537710.00|1141.00
126|152136210.00|GAUGE,PRES,0 TO 10 NM,4IN DIAL,#KS44998A|GENT|0.00|99.00|0.00|99.00|152136210.00|1141.00
127|152053970.00|DETECTOR,FLAME,-40 DEG TO 350 DEG F|GENT|0.00|99.00|0.00|99.00|152053970.00|1141.00
128|152586760.00|RELAY:GP,380/500 VAC 3/1.5 A,1NO1NC,220|GENT|9.00|27.00|0.00|99.00|152586760.00|1141.00
129|152440500.00|BREAKER,CRCT,MC,220/380 VAC,1 POLE,10 A|GENT|0.00|99.00|0.00|99.00|152440500.00|1141.00
130|153026620.00|RELAY:GP,6NO2NC,125 VDC,SILVER PLATED,8P|GENT|0.00|99.00|0.00|99.00|153026620.00|1141.00
131|152154490.00|VARMETER:ANALOG,-50 TO 0 TO 50 MVAR RANG|GENT|0.00|99.00|0.00|99.00|152154490.00|1141.00
132|101021700.00|AMMETER:ANALOG,PANEL MOUNT,0 TO 350 A RA|GENT|9.00|27.00|0.00|99.00|101021700.00|1141.00
133|142251630.00|ELBOW,PADPTR,BRS,#5U0262|TRAN|0.00|99.00|0.00|99.00|142251630.00|1141.00
134|142255220.00|NIPPLE,PIPE,STL,1/2 IN,1-1/2 IN LG,#H456|GENT|0.00|99.00|0.00|99.00|142255220.00|1141.00
135|119750390.00|COVER,LAMP,(125 MM X 175 MM) ID X 190 MM|COGN|0.00|99.00|0.00|99.00|119750390.00|1141.00
136|119449580.00|COIL|GENT|0.00|99.00|0.00|99.00|119449580.00|1141.00
137|149846820.00|HORN:ELECTRO-MECHANICAL,ALARM,220 VAC 50|COGN|0.00|99.00|0.00|99.00|149846820.00|1141.00
138|149846830.00|HORN:ELECTRO-MECHANICAL,ALARM,20-24 V,UL|COGN|0.00|99.00|0.00|99.00|149846830.00|1141.00
139|119410540.00|CIRCUIT BREAKER 22/40 AMPS TYPE GRH-63|GENT|0.00|99.00|0.00|99.00|119410540.00|1141.00
140|119447580.00|CONTACTOR,MTR,500V LV,80,4 POLE,#10RE634|GENT|0.00|99.00|0.00|99.00|119447580.00|1141.00
141|119410260.00|BREAKER,CRCT,MC,240 TO 415 VAC,2 POLE,#F|TRAN|0.00|99.00|0.00|99.00|119410260.00|1141.00
142|152540430.00|BREAKER,CRCT,MTR,EN 60898,2 POLE,6 A,#S2|GENT|0.00|99.00|0.00|99.00|152540430.00|1141.00
143|153020470.00|BREAKER,CRCT,MC,400 VAC,2 POLE,2 A,#KWGZ|GENT|0.00|99.00|0.00|99.00|153020470.00|1141.00
144|153020910.00|CLAMP: HOSE, FOR MOISTURE MONITORING EQU|GENT|0.00|99.00|0.00|99.00|153020910.00|1141.00
145|119480050.00|BOX,ELEC,STL,RD,5A KO|COGN|0.00|99.00|0.00|99.00|119480050.00|1141.00
146|119448530.00|COIL,ELEC,OPEN /CLOSE,#A1453022COIL|GENT|0.00|99.00|0.00|99.00|119448530.00|1151.00
147|119410280.00|PROTECTOR,MTR CRCT,63 A,500V,3 POLE|GENT|0.00|99.00|0.00|99.00|119410280.00|1141.00
148|103222210.00|CONTACTOR:RELAY,660 V LINE,220 VAC COIL,|GENT|0.00|99.00|0.00|99.00|103222210.00|1141.00
149|119410200.00|BREAKER,CRCT,MC,380V,2 POLE,6 A,#S162L|GENT|0.00|99.00|0.00|99.00|119410200.00|1141.00
150|119410780.00|BREAKER,CRCT,MC,380 VAC, 220 VDC,1 POLE|GENT|0.00|99.00|0.00|99.00|119410780.00|1141.00
151|119440260.00|CONTACTOR,MTR,230/380/500 VAC LV,20,#SLC|GENT|0.00|99.00|0.00|99.00|119440260.00|1141.00
152|152224900.00|INDICATOR:PRESSURE,0 TO 50 MM WS RANGE|GENT|0.00|99.00|0.00|99.00|152224900.00|1141.00
153|119410120.00|BREAKER,CRCT,MC,380V,3 POLE,6 A,#S203L6A|GENT|0.00|99.00|0.00|99.00|119410120.00|1141.00
154|119410130.00|BREAKER,CRCT,MC,380V,4 POLE,1.6 A,#S203Z|GENT|0.00|99.00|0.00|99.00|119410130.00|1141.00
155|119410110.00|BREAKER,CRCT,MC,250/380 VAC,4 POLE,3.5 A|GENT|0.00|99.00|0.00|99.00|119410110.00|1141.00
156|118051070.00|FUSE:LOW VOLTAGE,100 A,380 VAC,BOLTED,CE|GENT|9.00|27.00|0.00|99.00|118051070.00|1141.00
157|119410180.00|BREAKER,CRCT,MC,500V,3 POLE,15 A,#3VX130|GENT|0.00|99.00|0.00|99.00|119410180.00|1141.00
158|145020050.00|MOTOR,ELEC,AC,0.09 KW,220/380V,3 P,60HZ|GENT|0.00|99.00|0.00|99.00|145020050.00|1141.00
159|152136200.00|GAUGE,PRES,20 TO 40 KG/SQCM,5 IN DIAL,#R|GENT|0.00|99.00|0.00|99.00|152136200.00|1141.00
160|152137240.00|THERMOMETER,DIAL,#HTGA341000P425293|GENT|0.00|99.00|0.00|99.00|152137240.00|1141.00
161|152240090.00|BREAKER,CRCT,MC,500V,3 POLE,20 TO 25 A|GENT|0.00|99.00|0.00|99.00|152240090.00|1141.00
162|119410220.00|BREAKER,CRCT,MC,380V,2 POLE,4 A,#S152K|GENT|0.00|99.00|0.00|99.00|119410220.00|1141.00
163|119410340.00|CONTACTOR,MTR,660 VAC LV,16,3 POLE,#MCB1|GENT|0.00|99.00|0.00|99.00|119410340.00|1141.00
164|119443800.00|CONTACTOR,MTR,500V LV,60HZ,3 POLE,#HTGA3|GENT|0.00|99.00|0.00|99.00|119443800.00|1141.00
165|119450200.00|PROTECTOR,MOTOR CIRCUIT,660 VAC,PLASTIC,|GENT|0.00|99.00|0.00|99.00|119450200.00|1141.00
166|119411630.00|BREAKER,CRCT,MC,600 VAC, 250 VDC,3 POLE|TRAN|0.00|99.00|0.00|99.00|119411630.00|1141.00
167|152444960.00|METER: VOLT, 0-40V|GENT|0.00|99.00|0.00|99.00|152444960.00|1141.00
168|152547240.00|SYNCHROSCOPE:ELECTRO-MECHANICAL,100/110|GENT|9.00|27.00|0.00|99.00|152547240.00|1141.00
169|119770020.00|BRUSH,ELEC,AC GENERATOR,CRBN|GENT|0.00|99.00|0.00|99.00|119770020.00|1141.00
170|119420060.00|BREAKER,CRCT,MC,380V,2 POLE,2 A,#S212K2A|TRAN|0.00|99.00|0.00|99.00|119420060.00|1141.00
171|152540920.00|CONTACTOR,MTR,500V LV,20,4 POLE,#SLC12IB|GENT|0.00|99.00|0.00|99.00|152540920.00|1141.00
172|103416860.00|SWITCH,LMT,125 VAC 10 A 60 HZ,1P2T,#MT4R|COGN|0.00|99.00|0.00|99.00|103416860.00|1141.00
173|100006383.00|FUSE,PWR,17.5KV,63 A,FE,#NEBB63A|COGN|0.00|99.00|0.00|99.00|100006383.00|1141.00
174|152447680.00|INDICATOR:TEMPERATURE,160 MM WD X 220 MM|GENT|0.00|99.00|0.00|99.00|152447680.00|1141.00
175|155010460.00|BEARING:PLAIN,SLEEVE,38 MM ID X 58 MM OD|GENT|0.00|99.00|0.00|99.00|155010460.00|1141.00
176|155010610.00|SCREW,CAP,STL,3/4 IN DIA,10 UNC,8 IN LG|GENT|0.00|99.00|0.00|99.00|155010610.00|1141.00
177|155011630.00|ELBOW,TUBE ADPTR,STL,3/4 IN,MPT CONN A|GENT|0.00|99.00|0.00|99.00|155011630.00|1141.00
178|152280010.00|REGULATOR,V,3.3, 5/-0.5 A,60HZ FREQ,#AB4|GENT|0.00|99.00|0.00|99.00|152280010.00|1141.00
179|123070220.00|HOSE,FLEX,REINFORCED RUBBER|COGN|0.00|99.00|0.00|99.00|123070220.00|1141.00
180|153840440.00|SCREW,CAP,STL,10 MM DIA,1.5 MM,70 MM LG|GENT|0.00|99.00|0.00|99.00|153840440.00|1141.00
181|153840450.00|SCREW,CAP,STL,10 MM DIA,1.5 MM,45MM LG|GENT|0.00|99.00|0.00|99.00|153840450.00|1141.00
182|153840460.00|SCREW,CAP,STL,10 MM DIA,1.5 MM,35 MM LG|GENT|0.00|99.00|0.00|99.00|153840460.00|1141.00
183|142160470.00|SHIM:CLEARANCE ADJUSTING,2 MM THK,(35 MM|GENT|0.00|99.00|0.00|99.00|142160470.00|1141.00
184|142160480.00|SHIM:CLEARANCE ADJUSTING,1 MM THK,(35 MM|GENT|0.00|99.00|0.00|99.00|142160480.00|1141.00
185|142160490.00|SHIM:CLEARANCE ADJUSTING,2 MM THK,(45 MM|GENT|0.00|99.00|0.00|99.00|142160490.00|1141.00
186|142160500.00|SHIM:CLEARANCE ADJUSTING,1 MM THK,(45 MM|GENT|0.00|99.00|0.00|99.00|142160500.00|1141.00
187|155060710.00|SCREW,CAP,STL,3/8 IN DIA,16 TPI,#293A091|GENT|0.00|99.00|0.00|99.00|155060710.00|1141.00
188|142160390.00|PIECE,INTERMEDIATE,GAS TURBINE,35 MM WD|GENT|0.00|99.00|0.00|99.00|142160390.00|1141.00
189|119691040.00|LAMP,INCAN,130 V,10|COGN|0.00|99.00|0.00|99.00|119691040.00|1141.00
190|119691050.00|LAMP,INCAN,110 TO 140 V,10|COGN|0.00|99.00|0.00|99.00|119691050.00|1141.00
191|119441340.00|CONTACTOR,MTR,220/240/440/500 VAC LV,#SL|GENT|0.00|99.00|0.00|99.00|119441340.00|1141.00
192|152224080.00|SWITCH,PRES,1P2T,1/4 IN FNPT,EP,#D2TM150|GENT|0.00|99.00|0.00|99.00|152224080.00|1141.00
193|119440330.00|CONTACTOR,MTR,220/380/500/660 VAC LV,40|GENT|0.00|99.00|0.00|99.00|119440330.00|1141.00
194|152102090.00|ELEMENT,TC,#236T554005|GENT|0.00|99.00|0.00|99.00|152102090.00|1141.00
195|152053970.00|DETECTOR,FLAME,-40 DEG TO 350 DEG F|GENT|0.00|99.00|0.00|99.00|152053970.00|1541.00
196|119531420.00|DELETED:USE,906500261,03 Mar 2016|TRAN|0.00|99.00|0.00|99.00|119531420.00|1141.00
197|119541230.00|DIODE:RECTIFIER,500 V,25 A,T10N500COC,BO|COGN|0.00|99.00|0.00|99.00|119541230.00|1141.00
198|146030710.00|BRUSH,ELEC,DC MOTOR,CRBN,#GNFF90L2|GENT|0.00|99.00|0.00|99.00|146030710.00|1541.00
199|152442420.00|GAUGE,DIFF PRESS,0 TO 2 KG/SQCM,#9660482|GENT|0.00|99.00|0.00|99.00|152442420.00|1141.00
200|119570450.00|BUSHING,DIFFUSER,AIR CONDITIONER,13 MM I|COGN|0.00|99.00|0.00|99.00|119570450.00|1141.00
201|119441030.00|CONTACTOR:RELAY,600 VAC LINE,125 VDC COI|GENT|0.00|99.00|0.00|99.00|119441030.00|1141.00
202|119690050.00|LAMP,INCAN,110 TO 130 V,5A|COGN|0.00|99.00|0.00|99.00|119690050.00|1141.00
203|142017060.00|STARTER,ELEC MTR,3 POLE,#DPDITIM18|GENT|0.00|99.00|0.00|99.00|142017060.00|1141.00
204|155015230.00|NUT,CAP,SSTL,14MM DIA,1.5 MM,#2A27|GENT|0.00|99.00|0.00|99.00|155015230.00|1141.00
205|119692000.00|LAMP,INCAN,200 TO 250 V,15|COGN|0.00|99.00|0.00|99.00|119692000.00|1141.00
206|152446840.00|REGULATOR,PRES,STL,#10T253967A|GENT|0.00|99.00|0.00|99.00|152446840.00|1141.00
207|142160590.00|PIECE,INTERMEDIATE,GAS TURBINE,32 MM WD|GENT|0.00|99.00|0.00|99.00|142160590.00|1141.00
208|142205210.00|NUT,HEX,STL,M30 DIA,3.5MM,26 MM HT,#10Q1|GENT|0.00|99.00|0.00|99.00|142205210.00|1141.00
209|155060460.00|SCREW,CAP,STL,5/8 IN DIA,11 UNC,2 IN LG|GENT|0.00|99.00|0.00|99.00|155060460.00|1141.00
210|155015240.00|NUT,CAP,STL,20MM DIA,1.75 MM,40MM HT|GENT|0.00|99.00|0.00|99.00|155015240.00|1141.00
211|119441760.00|CONTACTOR:RELAY,600 VAC LINE,125 VDC COI|GENT|0.00|99.00|0.00|99.00|119441760.00|1141.00
212|119300150.00|SWITCH,SEL,MAINTAINED,600 VAC 40 A,4P2T|COGN|0.00|99.00|0.00|99.00|119300150.00|1141.00
213|119412310.00|BREAKER,CRCT,MC,480 VAC, 250 VDC,3 POLE|GENT|0.00|99.00|0.00|99.00|119412310.00|1141.00
214|100007549.00|RESISTOR,CRMC,22,+/-5,RADIAL LUGS CONN|GENT|0.00|99.00|0.00|99.00|100007549.00|1541.00
215|119650100.00|THERMOSTAT:HEATING,20 TO 110 DEG C RANGE|COGN|0.00|99.00|0.00|99.00|119650100.00|1141.00
216|153010940.00|CONTACTOR:RELAY,220/415/690/1000 V LINE,|GENT|0.00|99.00|0.00|99.00|153010940.00|1141.00
217|119690030.00|LAMP,INCAN,240 V,3/4|COGN|0.00|99.00|0.00|99.00|119690030.00|1541.00
218|119410810.00|CONTACTOR,MTR,500V LV,40,3 POLE,#8660211|COGN|0.00|99.00|0.00|99.00|119410810.00|1141.00
219|152627280.00|SUPPRESSOR:SURGE,200 V 50/60 HZ|GENT|0.00|99.00|0.00|99.00|152627280.00|1141.00
220|152734830.00|VOLTMETER:ANALOG,PANEL MOUNT,0 TO 17 KV,|GENT|9.00|27.00|0.00|99.00|152734830.00|1141.00
221|119550970.00|DIODE:RECTIFIER,600 V,1 A,1N4005,AXIAL L|TRAN|0.00|99.00|0.00|99.00|119550970.00|1141.00
222|119300090.00|CELL,PHOTOELECTRIC,OUTDOOR LIGHTING,208|GENT|0.00|99.00|0.00|99.00|119300090.00|1141.00
223|119547450.00|THYRISTOR,FAST,RECT,SKT45F04DS,115V,#SKT|COGN|0.00|99.00|0.00|99.00|119547450.00|1141.00
224|119440790.00|CONTACTOR,MTR,220/380/500 VAC LV,40/60|GENT|0.00|99.00|0.00|99.00|119440790.00|1141.00
225|152152450.00|METER:HOUR,ANALOG READOUT,PANEL MOUNT,0|GENT|0.00|99.00|0.00|99.00|152152450.00|1141.00
226|119420060.00|BREAKER,CRCT,MC,380V,2 POLE,2 A,#S212K2A|TRAN|0.00|99.00|0.00|99.00|119420060.00|1541.00
227|119300150.00|SWITCH,SEL,MAINTAINED,600 VAC 40 A,4P2T|COGN|0.00|99.00|0.00|99.00|119300150.00|1151.00
228|142250810.00|COMPRESSOR,AIR,0.216 TO 0.262 CU M/MIN|GENT|0.00|99.00|0.00|99.00|142250810.00|1141.00
229|153780420.00|BEARING,ROLLER,SGL R,45MM ID,85 MM OD,#2|GENT|0.00|99.00|0.00|99.00|153780420.00|1521.00
230|155067520.00|TORCH,IGN,LPG,1.5 MM,930 MM LG,STL,#HTCZ|GENT|0.00|99.00|0.00|99.00|155067520.00|1141.00
231|119410540.00|CIRCUIT BREAKER 22/40 AMPS TYPE GRH-63|GENT|0.00|99.00|0.00|99.00|119410540.00|1151.00
232|119668190.00|DELETED:USE,906500026,13/04/2015|COGN|0.00|99.00|0.00|99.00|119668190.00|1141.00
233|152224900.00|INDICATOR:PRESSURE,0 TO 50 MM WS RANGE|GENT|0.00|99.00|0.00|99.00|152224900.00|1601.00
234|119410260.00|BREAKER,CRCT,MC,240 TO 415 VAC,2 POLE,#F|TRAN|0.00|99.00|0.00|99.00|119410260.00|1521.00
235|143041530.00|CONTACTOR,MTR,230/400/500/690 VAC LV,#A5|GENT|0.00|99.00|0.00|99.00|143041530.00|1151.00
236|119750030.00|BALLAST:HIGH INTENSITY DISCHARGE,220 VAC|COGN|0.00|99.00|0.00|99.00|119750030.00|1521.00
237|119410380.00|BREAKER,CRCT,MC,265 VAC,1 POLE,20 A,#NF5|COGN|0.00|99.00|0.00|99.00|119410380.00|1521.00
238|119410810.00|CONTACTOR,MTR,500V LV,40,3 POLE,#8660211|COGN|0.00|99.00|0.00|99.00|119410810.00|1521.00
239|119561510.00|VACUUM CLEANER,12 GAL (45 L),#C29085|COGN|0.00|99.00|0.00|99.00|119561510.00|1141.00
240|103320940.00|COIL,ELEC,CLOSING,125VDC,#LA516771J|TRAN|0.00|99.00|0.00|99.00|103320940.00|1101.00
241|103416860.00|SWITCH,LMT,125 VAC 10 A 60 HZ,1P2T,#MT4R|COGN|0.00|99.00|0.00|99.00|103416860.00|1101.00
242|103402440.00|GLASS,LVL GA,TBLR,GL,12MM OD,51 MM LG,#6|COGN|0.00|99.00|0.00|99.00|103402440.00|1101.00
243|103444410.00|LIGHT,IND,48 VDC,GRN,PNL,#CF304GREEN|COGN|0.00|99.00|0.00|99.00|103444410.00|1101.00
244|119410260.00|BREAKER,CRCT,MC,240 TO 415 VAC,2 POLE,#F|TRAN|0.00|99.00|0.00|99.00|119410260.00|1101.00
245|135310330.00|RELAY:GP,ELECTROMAGNETIC,5 A,4NC,110 TO|TRAN|0.00|99.00|0.00|99.00|135310330.00|1101.00
246|102396040.00|BUSHING,ELECTRICAL CONDUCTOR,POWER TRANS|TRAN|0.00|99.00|0.00|99.00|102396040.00|1101.00
247|119597620.00|SWITCH,TEMP,120/240 VAC 10/5 A,#HH22HB07|COGN|0.00|99.00|0.00|99.00|119597620.00|1101.00
248|119607320.00|SWITCH,SEL,MNL,#ABG104P2T10A|TRAN|0.00|99.00|0.00|99.00|119607320.00|1101.00
249|135470010.00|SWITCH,SEL,MAINTAINED,500 V 10 A 60 HZ|TRAN|0.00|99.00|0.00|99.00|135470010.00|1101.00
250|119411630.00|BREAKER,CRCT,MC,600 VAC, 250 VDC,3 POLE|TRAN|0.00|99.00|0.00|99.00|119411630.00|1101.00
251|119750390.00|COVER,LAMP,(125 MM X 175 MM) ID X 190 MM|COGN|0.00|99.00|0.00|99.00|119750390.00|1101.00
252|119550970.00|DIODE:RECTIFIER,600 V,1 A,1N4005,AXIAL L|TRAN|0.00|99.00|0.00|99.00|119550970.00|1101.00
253|119410140.00|BREAKER,CRCT,MC,440 VAC, 220 VDC,1 POLE|GENT|0.00|99.00|0.00|99.00|119410140.00|1101.00
254|118140040.00|FUSE,PWR,14.4/15 KV,5 A,HRC,FE,#JR10N5|TRAN|0.00|99.00|0.00|99.00|118140040.00|1101.00
255|119410260.00|BREAKER,CRCT,MC,240 TO 415 VAC,2 POLE,#F|TRAN|0.00|99.00|0.00|99.00|119410260.00|1506.00
256|142251620.00|ELBOW,PADPTR,BRS,#5U0306|COGN|0.00|99.00|0.00|99.00|142251620.00|1101.00
257|142251630.00|ELBOW,PADPTR,BRS,#5U0262|TRAN|0.00|99.00|0.00|99.00|142251630.00|1101.00
258|142255220.00|NIPPLE,PIPE,STL,1/2 IN,1-1/2 IN LG,#H456|GENT|0.00|99.00|0.00|99.00|142255220.00|1101.00
259|145020050.00|MOTOR,ELEC,AC,0.09 KW,220/380V,3 P,60HZ|GENT|0.00|99.00|0.00|99.00|145020050.00|1151.00
260|119740060.00|LIGHT:HID,HIGH PRESSURE SODIUM,300 VAC,4|GENT|0.00|99.00|0.00|99.00|119740060.00|1601.00
261|155012240.00|ELEMENT,FLTR,CELLULOSE FIBER,#6261318320|GENT|0.00|99.00|0.00|99.00|155012240.00|1151.00
262|119440800.00|CONTACTOR,MTR,500V LV,80,3 POLE,#SLA4022|GENT|0.00|99.00|0.00|99.00|119440800.00|1321.00
263|119730520.00|FIXTURE,FLOODLIGHT MERCURY VAPOR,STL,#C5|GENT|0.00|99.00|0.00|99.00|119730520.00|1171.00
264|119597620.00|SWITCH,TEMP,120/240 VAC 10/5 A,#HH22HB07|COGN|0.00|99.00|0.00|99.00|119597620.00|1301.00
265|135310330.00|RELAY:GP,ELECTROMAGNETIC,5 A,4NC,110 TO|TRAN|0.00|99.00|0.00|99.00|135310330.00|1301.00
266|100003027.00|CONTACTOR,MTR,1000 V LV,125,3 POLE,#LC1D|GENT|0.00|99.00|0.00|99.00|100003027.00|1191.00
267|119412310.00|BREAKER,CRCT,MC,480 VAC, 250 VDC,3 POLE|GENT|0.00|99.00|0.00|99.00|119412310.00|1191.00
268|142167900.00|SEAL,ROTOR,59 MM ID X 72 MM OD X 18 MM W|GENT|0.00|99.00|0.00|99.00|142167900.00|1551.00
269|142167900.00|SEAL,ROTOR,59 MM ID X 72 MM OD X 18 MM W|GENT|0.00|99.00|0.00|99.00|142167900.00|1191.00
270|100003141.00|CIRCUIT:CONTROL,VIBRATION TERMINATION BD|GENT|9.00|27.00|0.00|99.00|100003141.00|1600.00
271|100007544.00|MODULE:CONTROL,VME RESISTANCE TEMPERATUR|GENT|0.00|99.00|0.00|99.00|100007544.00|1601.00
272|119730650.00|LIGHT,FLRSCNT,220 VAC,65,5 FT LG LAMP,WL|COGN|0.00|99.00|0.00|99.00|119730650.00|1601.00
273|100007549.00|RESISTOR,CRMC,22,+/-5,RADIAL LUGS CONN|GENT|0.00|99.00|0.00|99.00|100007549.00|1191.00
274|152137210.00|THERMOMETER,DIAL,50 TO 300 DEG F,#132015|GENT|0.00|99.00|0.00|99.00|152137210.00|1171.00
275|100003027.00|CONTACTOR,MTR,1000 V LV,125,3 POLE,#LC1D|GENT|0.00|99.00|0.00|99.00|100003027.00|1551.00
276|119730010.00|LIGHT,INCAN,100KVA,MOGUL SKT,WL|COGN|0.00|99.00|0.00|99.00|119730010.00|1601.00
277|135310840.00|DELETED:USE,135310840,28 Dec 2014|COGN|0.00|99.00|0.00|99.00|135310840.00|1181.00
278|155064480.00|PLATE,LOCK,COMBUSTION INSPECTION,GAS TUR|GENT|0.00|99.00|0.00|99.00|155064480.00|1551.00
279|153780420.00|BEARING,ROLLER,SGL R,45MM ID,85 MM OD,#2|GENT|0.00|99.00|0.00|99.00|153780420.00|1171.00
280|152445010.00|METER:FREQUENCY,ANALOG READOUT,PANEL MOU|GENT|0.00|99.00|0.00|99.00|152445010.00|1171.00
281|100007816.00|COUPLING,SHAFT,NYL,2-7/8 IN BORE,#697904|GENT|0.00|99.00|0.00|99.00|100007816.00|1171.00
282|155067520.00|TORCH,IGN,LPG,1.5 MM,930 MM LG,STL,#HTCZ|GENT|0.00|99.00|0.00|99.00|155067520.00|1181.00
283|142167900.00|SEAL,ROTOR,59 MM ID X 72 MM OD X 18 MM W|GENT|0.00|99.00|0.00|99.00|142167900.00|1541.00
284|152627280.00|SUPPRESSOR:SURGE,200 V 50/60 HZ|GENT|0.00|99.00|0.00|99.00|152627280.00|1601.00
285|100007816.00|COUPLING,SHAFT,NYL,2-7/8 IN BORE,#697904|GENT|0.00|99.00|0.00|99.00|100007816.00|1541.00
286|142167900.00|SEAL,ROTOR,59 MM ID X 72 MM OD X 18 MM W|GENT|0.00|99.00|0.00|99.00|142167900.00|1171.00
287|155060710.00|SCREW,CAP,STL,3/8 IN DIA,16 TPI,#293A091|GENT|0.00|99.00|0.00|99.00|155060710.00|1171.00
288|155064480.00|PLATE,LOCK,COMBUSTION INSPECTION,GAS TUR|GENT|0.00|99.00|0.00|99.00|155064480.00|1171.00
289|152053970.00|DETECTOR,FLAME,-40 DEG TO 350 DEG F|GENT|0.00|99.00|0.00|99.00|152053970.00|1171.00
290|142167900.00|SEAL,ROTOR,59 MM ID X 72 MM OD X 18 MM W|GENT|0.00|99.00|0.00|99.00|142167900.00|1181.00
291|152550940.00|RELAY,TIME DELAY,0 TO 5 SECOND,3NO1NC,#A|GENT|0.00|99.00|0.00|99.00|152550940.00|1181.00
292|153026620.00|RELAY:GP,6NO2NC,125 VDC,SILVER PLATED,8P|GENT|0.00|99.00|0.00|99.00|153026620.00|1181.00
293|143041530.00|CONTACTOR,MTR,230/400/500/690 VAC LV,#A5|GENT|0.00|99.00|0.00|99.00|143041530.00|1181.00
294|153010940.00|CONTACTOR:RELAY,220/415/690/1000 V LINE,|GENT|0.00|99.00|0.00|99.00|153010940.00|1181.00
295|119443920.00|CONTACTOR,MTR,600V LV,63,2 POLE,#AMCCNOR|GENT|0.00|99.00|0.00|99.00|119443920.00|1181.00
296|100003027.00|CONTACTOR,MTR,1000 V LV,125,3 POLE,#LC1D|GENT|0.00|99.00|0.00|99.00|100003027.00|1181.00
297|152390670.00|BREAKER,CRCT,MC,400 VAC, 440 VDC,2 POLE|GENT|0.00|99.00|0.00|99.00|152390670.00|1181.00
298|119442320.00|CONTACTOR:RELAY,600 VDC LINE,125 VDC COI|GENT|0.00|99.00|0.00|99.00|119442320.00|1181.00
299|100007549.00|RESISTOR,CRMC,22,+/-5,RADIAL LUGS CONN|GENT|0.00|99.00|0.00|99.00|100007549.00|1171.00
300|102396040.00|BUSHING,ELECTRICAL CONDUCTOR,POWER TRANS|TRAN|0.00|99.00|0.00|99.00|102396040.00|1141.00
301|152237420.00|THERMISTOR,TEMPERATURE CONTROL,#26FH|GENT|0.00|99.00|0.00|99.00|152237420.00|1141.00
302|155017240.00|THERMOCOUPLE:TEMPERATURE,K,200 TO 2300 D|GENT|0.00|99.00|0.00|99.00|155017240.00|1141.00
303|153027670.00|SENSOR,TEMPERATURE,-15 TO 85 DEG C,12 TO|GENT|0.00|99.00|0.00|99.00|153027670.00|1141.00
304|119410140.00|BREAKER,CRCT,MC,440 VAC, 220 VDC,1 POLE|GENT|0.00|99.00|0.00|99.00|119410140.00|1141.00
305|119410190.00|BREAKER,CRCT,MC,380V,1 POLE,6 A,#S151L|GENT|0.00|99.00|0.00|99.00|119410190.00|1141.00
306|119441010.00|CONTACTOR:RELAY,600 V LINE,220 VAC COIL,|GENT|0.00|99.00|0.00|99.00|119441010.00|1141.00
307|152137210.00|THERMOMETER,DIAL,50 TO 300 DEG F,#132015|GENT|0.00|99.00|0.00|99.00|152137210.00|1141.00
308|119750030.00|BALLAST:HIGH INTENSITY DISCHARGE,220 VAC|COGN|0.00|99.00|0.00|99.00|119750030.00|1141.00
309|119740110.00|LENS:LIGHTING FIXURE,INDICATING LIGHT,WH|COGN|0.00|99.00|0.00|99.00|119740110.00|1141.00
310|119740100.00|LIGHT:HID,HIGH PRESSURE SODIUM,POST SIDE|COGN|0.00|99.00|0.00|99.00|119740100.00|1141.00
311|103402440.00|GLASS,LVL GA,TBLR,GL,12MM OD,51 MM LG,#6|COGN|0.00|99.00|0.00|99.00|103402440.00|1141.00
312|155012240.00|ELEMENT,FLTR,CELLULOSE FIBER,#6261318320|GENT|0.00|99.00|0.00|99.00|155012240.00|1141.00
313|103822010.00|PLATE,INSUL,FBR|COGN|0.00|99.00|0.00|99.00|103822010.00|1141.00
314|152870880.00|CIRCUIT:CONTROL,SPEED SENSOR,SPEEDTRONIC|GENT|9.00|27.00|0.00|99.00|152870880.00|1601.00
315|100007549.00|RESISTOR,CRMC,22,+/-5,RADIAL LUGS CONN|GENT|0.00|99.00|0.00|99.00|100007549.00|1181.00
316|100003141.00|CIRCUIT:CONTROL,VIBRATION TERMINATION BD|GENT|9.00|27.00|0.00|99.00|100003141.00|1181.00
317|152224080.00|SWITCH,PRES,1P2T,1/4 IN FNPT,EP,#D2TM150|GENT|0.00|99.00|0.00|99.00|152224080.00|1181.00
318|153040810.00|CONTACTOR,MTR,1000 VAC LV,800A,3 POLE,#E|GENT|0.00|99.00|0.00|99.00|153040810.00|1181.00
319|135470010.00|SWITCH,SEL,MAINTAINED,500 V 10 A 60 HZ|TRAN|0.00|99.00|0.00|99.00|135470010.00|1181.00
320|119532420.00|CIRCUIT:CONTROL,PULSE GENERATOR,BATTERY|GENT|9.00|27.00|0.00|99.00|119532420.00|1181.00
321|119537300.00|THYRISTOR: CS42-02G02|GENT|9.00|27.00|0.00|99.00|119537300.00|1181.00
322|152041220.00|MODULE:CONTROL,LEVEL DETECTOR,VIBROMETER|GENT|9.00|27.00|0.00|99.00|152041220.00|1181.00
323|155066730.00|COMPOUND,SEALING,RED,TB,#RTV106|GENT|0.00|99.00|0.00|99.00|155066730.00|1191.00
324|100003141.00|CIRCUIT:CONTROL,VIBRATION TERMINATION BD|GENT|9.00|27.00|0.00|99.00|100003141.00|1191.00
325|119554120.00|DELETED:USE,902508048,03 Mar 2016|COGN|0.00|99.00|0.00|99.00|119554120.00|1141.00
326|116613320.00|TAPE,ELEC,XLPE|GENT|0.00|99.00|0.00|99.00|116613320.00|1141.00
327|149807210.00|MICROPHONE:HANDSET,|COGN|9.00|27.00|0.00|99.00|149807210.00|1141.00
328|119660990.00|CAPACITOR:FIXED,100 MFD,100 V,ALUMINIUM,|TRAN|9.00|27.00|0.00|99.00|119660990.00|1141.00
329|119410380.00|BREAKER,CRCT,MC,265 VAC,1 POLE,20 A,#NF5|COGN|0.00|99.00|0.00|99.00|119410380.00|1141.00
330|119485560.00|RELAY:GP,250 VDC 7.5 A,2NO2NC,100/110 VD|COGN|9.00|27.00|0.00|99.00|119485560.00|1141.00
331|152586760.00|RELAY:GP,380/500 VAC 3/1.5 A,1NO1NC,220|GENT|9.00|27.00|0.00|99.00|152586760.00|1521.00
332|149807220.00|UNIT,TMTR|COGN|0.00|99.00|0.00|99.00|149807220.00|1141.00
333|100008181.00|MODULE:OUTPUT,EXCITATION PANEL,16CH-24 V|GENT|9.00|27.00|0.00|99.00|100008181.00|1141.00
334|152870830.00|MODULE:CONTROL,VIBRATION-CALIBRATOR,SPEE|GENT|9.00|27.00|0.00|99.00|152870830.00|1141.00
335|119756510.00|SOCKET,ELEC,250 VAC,2,MINTR,PLUG IN,#SL4|TRAN|0.00|99.00|0.00|99.00|119756510.00|1141.00
336|119536440.00|RELAY: VOLTAGE 110V|GENT|9.00|27.00|0.00|99.00|119536440.00|1151.00
337|149806410.00|UNIT,RCVR|COGN|0.00|99.00|0.00|99.00|149806410.00|1141.00
338|119536440.00|RELAY: VOLTAGE 110V|GENT|9.00|27.00|0.00|99.00|119536440.00|1141.00
339|123360160.00|WIPER,WS|COGN|0.00|99.00|0.00|99.00|123360160.00|1141.00
340|152541220.00|SENSOR,HUMIDITY|GENT|0.00|99.00|0.00|99.00|152541220.00|1141.00
341|153076820.00|RECTIFIER,BRIDGE,AXIAL|GENT|0.00|99.00|0.00|99.00|153076820.00|1141.00
342|152441640.00|THYRISTOR,SCR,RECT,150P6SP,#150P6SP|GENT|0.00|99.00|0.00|99.00|152441640.00|1141.00
343|152877070.00|MODULE,PWR SUPPLY,35 TO 48 VDC IN,#IC360|GENT|9.00|27.00|0.00|99.00|152877070.00|1141.00
344|104050860.00|CLAMP,HOSE/TUBING,GSTL|COGN|0.00|99.00|0.00|99.00|104050860.00|1141.00
345|100003141.00|CIRCUIT:CONTROL,VIBRATION TERMINATION BD|GENT|9.00|27.00|0.00|99.00|100003141.00|1541.00
346|149840190.00|UNIT,POWER AMPLIFIER|COGN|0.00|99.00|0.00|99.00|149840190.00|1141.00
347|149840200.00|AMPLIFIER:SIGNAL,AUDIO,100 VAC,100 W,100|COGN|9.00|27.00|0.00|99.00|149840200.00|1141.00
348|119532420.00|CIRCUIT:CONTROL,PULSE GENERATOR,BATTERY|GENT|9.00|27.00|0.00|99.00|119532420.00|1151.00
349|152870830.00|MODULE:CONTROL,VIBRATION-CALIBRATOR,SPEE|GENT|9.00|27.00|0.00|99.00|152870830.00|1601.00
350|155066730.00|COMPOUND,SEALING,RED,TB,#RTV106|GENT|0.00|99.00|0.00|99.00|155066730.00|1541.00
351|152237510.00|THERMOCOUPLE:TEMPERATURE,K,200 TO 2300 D|GENT|0.00|99.00|0.00|99.00|152237510.00|1141.00
352|152238180.00|VALVE,SOLN,1/2 IN PS,24 VDC,12 W,#10S174|GENT|0.00|99.00|0.00|99.00|152238180.00|1141.00
353|155066730.00|COMPOUND,SEALING,RED,TB,#RTV106|GENT|0.00|99.00|0.00|99.00|155066730.00|1171.00
354|152041220.00|MODULE:CONTROL,LEVEL DETECTOR,VIBROMETER|GENT|9.00|27.00|0.00|99.00|152041220.00|1141.00
355|152220060.00|SWITCH,SEL,MAINTAINED,600 V 20 A,2P1T,2|GENT|0.00|99.00|0.00|99.00|152220060.00|1141.00
356|152870880.00|CIRCUIT:CONTROL,SPEED SENSOR,SPEEDTRONIC|GENT|9.00|27.00|0.00|99.00|152870880.00|1141.00
357|146030710.00|BRUSH,ELEC,DC MOTOR,CRBN,#GNFF90L2|GENT|0.00|99.00|0.00|99.00|146030710.00|1141.00
358|149802810.00|CORD,COMM,HANDSET,4,2 M AND 200 MM LG|COGN|0.00|99.00|0.00|99.00|149802810.00|1141.00
359|149801220.00|DIAL,TELEPHONE,104.77 MM|COGN|9.00|27.00|0.00|99.00|149801220.00|1141.00
360|152440680.00|BLOCK,TERM,500V,10,24 CRCT|GENT|0.00|99.00|0.00|99.00|152440680.00|1141.00
361|119532420.00|CIRCUIT:CONTROL,PULSE GENERATOR,BATTERY|GENT|9.00|27.00|0.00|99.00|119532420.00|1321.00
362|119489430.00|BREAKER,CRCT,MC,380V,2 POLE,4 A,#S212K4A|TRAN|9.00|27.00|0.00|99.00|119489430.00|1601.00
363|149804810.00|SPEAKER:AUDIO SIGNAL,DYNAMIC,0.2 W,8 OHM|COGN|9.00|27.00|0.00|99.00|149804810.00|1141.00
364|149806010.00|PIECE,TELEPHONE,(8 MM X 29 MM X 34 MM) W|COGN|0.00|99.00|0.00|99.00|149806010.00|1141.00
365|155035640.00|O-RING,GENERAL PURPOSE,50.39 MM OD,3.53|GENT|0.00|99.00|0.00|99.00|155035640.00|1141.00
366|100008175.00|MODULE:CONTROL,PROCESSOR UNIT|GENT|9.00|27.00|0.00|99.00|100008175.00|1141.00
367|100008176.00|MODULE:CONTROL,MICRO LOGIC BASE UNIT,PLC|GENT|9.00|27.00|0.00|99.00|100008176.00|1141.00
368|100007544.00|MODULE:CONTROL,VME RESISTANCE TEMPERATUR|GENT|0.00|99.00|0.00|99.00|100007544.00|1541.00
369|152870820.00|MODULE:CONTROL,VIBRATION LEVEL SETPOINT,|GENT|0.00|99.00|0.00|99.00|152870820.00|1141.00
370|100007544.00|MODULE:CONTROL,VME RESISTANCE TEMPERATUR|GENT|0.00|99.00|0.00|99.00|100007544.00|1191.00
371|100003027.00|CONTACTOR,MTR,1000 V LV,125,3 POLE,#LC1D|GENT|0.00|99.00|0.00|99.00|100003027.00|1141.00
372|100007816.00|COUPLING,SHAFT,NYL,2-7/8 IN BORE,#697904|GENT|0.00|99.00|0.00|99.00|100007816.00|1141.00
373|152870850.00|MODULE:CONTROL,OVER SPEED TRIP CARD,SPEE|GENT|9.00|27.00|0.00|99.00|152870850.00|1141.00
374|119532420.00|CIRCUIT:CONTROL,PULSE GENERATOR,BATTERY|GENT|9.00|27.00|0.00|99.00|119532420.00|1141.00
375|152237400.00|THERMOCOUPLE:TEMPERATURE,J,200 TO 1400 D|GENT|0.00|99.00|0.00|99.00|152237400.00|1141.00
376|119450200.00|PROTECTOR,MOTOR CIRCUIT,660 VAC,PLASTIC,|GENT|0.00|99.00|0.00|99.00|119450200.00|1181.00
377|152870820.00|MODULE:CONTROL,VIBRATION LEVEL SETPOINT,|GENT|0.00|99.00|0.00|99.00|152870820.00|1142.00
378|152870830.00|MODULE:CONTROL,VIBRATION-CALIBRATOR,SPEE|GENT|9.00|27.00|0.00|99.00|152870830.00|1142.00
379|152870880.00|CIRCUIT:CONTROL,SPEED SENSOR,SPEEDTRONIC|GENT|9.00|27.00|0.00|99.00|152870880.00|1142.00
380|155066730.00|COMPOUND,SEALING,RED,TB,#RTV106|GENT|0.00|99.00|0.00|99.00|155066730.00|1151.00
381|100007549.00|RESISTOR,CRMC,22,+/-5,RADIAL LUGS CONN|GENT|0.00|99.00|0.00|99.00|100007549.00|1141.00
382|100003141.00|CIRCUIT:CONTROL,VIBRATION TERMINATION BD|GENT|9.00|27.00|0.00|99.00|100003141.00|1141.00
383|100007544.00|MODULE:CONTROL,VME RESISTANCE TEMPERATUR|GENT|0.00|99.00|0.00|99.00|100007544.00|1141.00
384|155012590.00|GASKET,PIPING,ROUND,48 MM ID X 92 MM OD|GENT|0.00|99.00|0.00|99.00|155012590.00|1141.00
385|155012600.00|GASKET,PIPING,ROUND,160 MM ID X 245 MM O|GENT|0.00|99.00|0.00|99.00|155012600.00|1141.00
386|116677040.00|CONE,SR,33KV VOLT,240SQMM CBL|GENT|0.00|99.00|0.00|99.00|116677040.00|1141.00
387|152870880.00|CIRCUIT:CONTROL,SPEED SENSOR,SPEEDTRONIC|GENT|9.00|27.00|0.00|99.00|152870880.00|1541.00
388|152586760.00|RELAY:GP,380/500 VAC 3/1.5 A,1NO1NC,220|GENT|9.00|27.00|0.00|99.00|152586760.00|1541.00
389|149802820.00|HOLDER,HOOKSWITCH,14 MM WD X (42 MM X 56|COGN|0.00|99.00|0.00|99.00|149802820.00|1141.00
390|100004312.00|MODULE:CONTROL,VME COMMUNICATION INTERFA|GENT|0.00|99.00|0.00|99.00|100004312.00|1141.00
391|100004312.00|MODULE:CONTROL,VME COMMUNICATION INTERFA|GENT|0.00|99.00|0.00|99.00|100004312.00|1141.00
392|100004312.00|MODULE:CONTROL,VME COMMUNICATION INTERFA|GENT|0.00|99.00|0.00|99.00|100004312.00|1191.00
393|100004569.00|CIRCUIT:CONTROL,POWER DISTRIBUTION,SPEED|GENT|0.00|99.00|0.00|99.00|100004569.00|1141.00
394|100004569.00|CIRCUIT:CONTROL,POWER DISTRIBUTION,SPEED|GENT|0.00|99.00|0.00|99.00|100004569.00|1181.00
395|100004569.00|CIRCUIT:CONTROL,POWER DISTRIBUTION,SPEED|GENT|0.00|99.00|0.00|99.00|100004569.00|1191.00
396|100004569.00|CIRCUIT:CONTROL,POWER DISTRIBUTION,SPEED|GENT|0.00|99.00|0.00|99.00|100004569.00|1541.00
397|100004569.00|CIRCUIT:CONTROL,POWER DISTRIBUTION,SPEED|GENT|0.00|99.00|0.00|99.00|100004569.00|1601.00
398|100004894.00|CIRCUIT:CONTROL,TRIP EMERGENCY RELAY TER|GENT|0.00|99.00|0.00|99.00|100004894.00|1141.00
399|100004894.00|CIRCUIT:CONTROL,TRIP EMERGENCY RELAY TER|GENT|0.00|99.00|0.00|99.00|100004894.00|1181.00
400|100004894.00|CIRCUIT:CONTROL,TRIP EMERGENCY RELAY TER|GENT|0.00|99.00|0.00|99.00|100004894.00|1191.00
401|100004894.00|CIRCUIT:CONTROL,TRIP EMERGENCY RELAY TER|GENT|0.00|99.00|0.00|99.00|100004894.00|1321.00
402|100004894.00|CIRCUIT:CONTROL,TRIP EMERGENCY RELAY TER|GENT|0.00|99.00|0.00|99.00|100004894.00|1541.00
403|100004894.00|CIRCUIT:CONTROL,TRIP EMERGENCY RELAY TER|GENT|0.00|99.00|0.00|99.00|100004894.00|1551.00
404|100004894.00|CIRCUIT:CONTROL,TRIP EMERGENCY RELAY TER|GENT|0.00|99.00|0.00|99.00|100004894.00|1601.00
405|100004895.00|CIRCUIT:CONTROL,TERMINATION BOARD RELAY,|GENT|0.00|99.00|0.00|99.00|100004895.00|1141.00
406|100004895.00|CIRCUIT:CONTROL,TERMINATION BOARD RELAY,|GENT|0.00|99.00|0.00|99.00|100004895.00|1181.00
407|100004895.00|CIRCUIT:CONTROL,TERMINATION BOARD RELAY,|GENT|0.00|99.00|0.00|99.00|100004895.00|1191.00
408|100004895.00|CIRCUIT:CONTROL,TERMINATION BOARD RELAY,|GENT|0.00|99.00|0.00|99.00|100004895.00|1541.00
409|100004895.00|CIRCUIT:CONTROL,TERMINATION BOARD RELAY,|GENT|0.00|99.00|0.00|99.00|100004895.00|1551.00
410|100004895.00|CIRCUIT:CONTROL,TERMINATION BOARD RELAY,|GENT|0.00|99.00|0.00|99.00|100004895.00|1601.00
411|100004896.00|CIRCUIT:CONTROL,TRIP PRIMARY GAS TERMINA|GENT|0.00|99.00|0.00|99.00|100004896.00|1141.00
412|100004896.00|CIRCUIT:CONTROL,TRIP PRIMARY GAS TERMINA|GENT|0.00|99.00|0.00|99.00|100004896.00|1181.00
413|100004896.00|CIRCUIT:CONTROL,TRIP PRIMARY GAS TERMINA|GENT|0.00|99.00|0.00|99.00|100004896.00|1191.00
414|100004896.00|CIRCUIT:CONTROL,TRIP PRIMARY GAS TERMINA|GENT|0.00|99.00|0.00|99.00|100004896.00|1321.00
415|100004896.00|CIRCUIT:CONTROL,TRIP PRIMARY GAS TERMINA|GENT|0.00|99.00|0.00|99.00|100004896.00|1541.00
416|100004896.00|CIRCUIT:CONTROL,TRIP PRIMARY GAS TERMINA|GENT|0.00|99.00|0.00|99.00|100004896.00|1551.00
417|100004896.00|CIRCUIT:CONTROL,TRIP PRIMARY GAS TERMINA|GENT|0.00|99.00|0.00|99.00|100004896.00|1601.00
418|100004936.00|CIRCUIT:CONTROL,CONTACT INPUT TERMINAL B|GENT|0.00|99.00|0.00|99.00|100004936.00|1141.00
419|100004936.00|CIRCUIT:CONTROL,CONTACT INPUT TERMINAL B|GENT|0.00|99.00|0.00|99.00|100004936.00|1181.00
420|100004936.00|CIRCUIT:CONTROL,CONTACT INPUT TERMINAL B|GENT|0.00|99.00|0.00|99.00|100004936.00|1191.00
421|100004936.00|CIRCUIT:CONTROL,CONTACT INPUT TERMINAL B|GENT|0.00|99.00|0.00|99.00|100004936.00|1541.00
422|100004936.00|CIRCUIT:CONTROL,CONTACT INPUT TERMINAL B|GENT|0.00|99.00|0.00|99.00|100004936.00|1601.00
423|100004938.00|CIRCUIT:CONTROL,PROTECTIVE TERMINAL,SPEE|GENT|0.00|99.00|0.00|99.00|100004938.00|1141.00
424|100004938.00|CIRCUIT:CONTROL,PROTECTIVE TERMINAL,SPEE|GENT|0.00|99.00|0.00|99.00|100004938.00|1181.00
425|100004938.00|CIRCUIT:CONTROL,PROTECTIVE TERMINAL,SPEE|GENT|0.00|99.00|0.00|99.00|100004938.00|1191.00
426|100004938.00|CIRCUIT:CONTROL,PROTECTIVE TERMINAL,SPEE|GENT|0.00|99.00|0.00|99.00|100004938.00|1541.00
427|100004938.00|CIRCUIT:CONTROL,PROTECTIVE TERMINAL,SPEE|GENT|0.00|99.00|0.00|99.00|100004938.00|1601.00
428|100004940.00|CIRCUIT:CONTROL,TERMINATION BOARD, SERVO|GENT|0.00|99.00|0.00|99.00|100004940.00|1141.00
429|100004940.00|CIRCUIT:CONTROL,TERMINATION BOARD, SERVO|GENT|0.00|99.00|0.00|99.00|100004940.00|1181.00
430|100004940.00|CIRCUIT:CONTROL,TERMINATION BOARD, SERVO|GENT|0.00|99.00|0.00|99.00|100004940.00|1191.00
431|100004940.00|CIRCUIT:CONTROL,TERMINATION BOARD, SERVO|GENT|0.00|99.00|0.00|99.00|100004940.00|1541.00
432|100004940.00|CIRCUIT:CONTROL,TERMINATION BOARD, SERVO|GENT|0.00|99.00|0.00|99.00|100004940.00|1601.00
433|102546490.00|RADIATOR:COOLING,525 MM WD X 3300 MM HT|COGN|0.00|99.00|0.00|99.00|102546490.00|1141.00
434|103223340.00|CONTACTOR,MTR,600V LV,24,3 POLE,#PKE0250|DIST|0.00|99.00|0.00|99.00|103223340.00|1141.00
435|103444410.00|LIGHT,IND,48 VDC,GRN,PNL,#CF304GREEN|COGN|0.00|99.00|0.00|99.00|103444410.00|1141.00
436|103444440.00|LIGHT,IND,110 VDC,RED,PNL|COGN|0.00|99.00|0.00|99.00|103444440.00|1141.00
437|103826470.00|RELAY:GP,2NO2NC,125 VDC,SILVER PLATED,2P|COGN|0.00|99.00|0.00|99.00|103826470.00|1141.00
438|103826470.00|RELAY:GP,2NO2NC,125 VDC,SILVER PLATED,2P|COGN|0.00|99.00|0.00|99.00|103826470.00|1601.00
439|110107340.00|WIRE:GROUNDING,CU,10 SQMM,19|COGN|0.00|99.00|0.00|99.00|110107340.00|1141.00
440|110212030.00|CABLE,ELEC,CU,PVC,2.5 SQMM,2,7 STRAND|TRAN|0.00|99.00|0.00|99.00|110212030.00|1141.00
441|115210510.00|CONN,ELEC,TERM,CU/AL,50SQMM CNDCTR,#T501|DIST|0.00|99.00|0.00|99.00|115210510.00|1141.00
442|115210510.00|CONN,ELEC,TERM,CU/AL,50SQMM CNDCTR,#T501|DIST|0.00|99.00|0.00|99.00|115210510.00|1401.00
443|115210510.00|CONN,ELEC,TERM,CU/AL,50SQMM CNDCTR,#T501|DIST|0.00|99.00|0.00|99.00|115210510.00|1501.00
444|115210510.00|CONN,ELEC,TERM,CU/AL,50SQMM CNDCTR,#T501|DIST|0.00|99.00|0.00|99.00|115210510.00|1531.00
445|116540010.00|DELETED:USE,906504199,2015 JUL 05|COGN|0.00|99.00|0.00|99.00|116540010.00|1141.00
446|116613350.00|TAPE,ELEC,RBR,#SCOTCH23|COGN|0.00|99.00|0.00|99.00|116613350.00|1141.00
447|116613350.00|TAPE,ELEC,RBR,#SCOTCH23|COGN|0.00|99.00|0.00|99.00|116613350.00|1171.00
448|118055020.00|FUSE:LOW VOLTAGE,500 A,500 VAC,120 KA,BO|DIST|0.00|99.00|0.00|99.00|118055020.00|1101.00
449|118055020.00|FUSE:LOW VOLTAGE,500 A,500 VAC,120 KA,BO|DIST|0.00|99.00|0.00|99.00|118055020.00|1141.00
450|118055020.00|FUSE:LOW VOLTAGE,500 A,500 VAC,120 KA,BO|DIST|0.00|99.00|0.00|99.00|118055020.00|1301.00
451|118055020.00|FUSE:LOW VOLTAGE,500 A,500 VAC,120 KA,BO|DIST|0.00|99.00|0.00|99.00|118055020.00|1401.00
452|118055020.00|FUSE:LOW VOLTAGE,500 A,500 VAC,120 KA,BO|DIST|0.00|99.00|0.00|99.00|118055020.00|1501.00
453|118055020.00|FUSE:LOW VOLTAGE,500 A,500 VAC,120 KA,BO|DIST|0.00|99.00|0.00|99.00|118055020.00|1601.00
454|118070650.00|FUSE: 5A, 600V|GENT|0.00|99.00|0.00|99.00|118070650.00|1141.00
455|118070650.00|FUSE: 5A, 600V|GENT|0.00|99.00|0.00|99.00|118070650.00|1601.00
456|118140040.00|FUSE,PWR,14.4/15 KV,5 A,HRC,FE,#JR10N5|TRAN|0.00|99.00|0.00|99.00|118140040.00|1141.00
457|119410090.00|BREAKER,CRCT,MC,250/380 VAC,2 POLE,10 A|GENT|0.00|99.00|0.00|99.00|119410090.00|1141.00
458|119410090.00|BREAKER,CRCT,MC,250/380 VAC,2 POLE,10 A|GENT|0.00|99.00|0.00|99.00|119410090.00|1321.00
459|119410560.00|BREAKER,CRCT,MC,380V,1 POLE,25 A,#S211K2|GENT|0.00|99.00|0.00|99.00|119410560.00|1141.00
460|119411030.00|MCB      45A|GENT|0.00|99.00|0.00|99.00|119411030.00|1141.00
461|119411030.00|MCB      45A|GENT|0.00|99.00|0.00|99.00|119411030.00|1321.00
462|119442320.00|CONTACTOR:RELAY,600 VDC LINE,125 VDC COI|GENT|0.00|99.00|0.00|99.00|119442320.00|1320.00
463|119443920.00|CONTACTOR,MTR,600V LV,63,2 POLE,#AMCCNOR|GENT|0.00|99.00|0.00|99.00|119443920.00|1320.00
464|119449720.00|COIL,ELEC,OPR,220 VAC,#AK318970R1|GENT|0.00|99.00|0.00|99.00|119449720.00|1141.00
465|119520030.00|BATTERY,DRY CELL,6,SCR CONN,#529ENG|COGN|0.00|99.00|0.00|99.00|119520030.00|1141.00
466|119536740.00|CIRCUIT:CONTROL,PULSE REGULATOR,BATTERY|GENT|0.00|99.00|0.00|99.00|119536740.00|1141.00
467|119536740.00|CIRCUIT:CONTROL,PULSE REGULATOR,BATTERY|GENT|0.00|99.00|0.00|99.00|119536740.00|1181.00
468|119536740.00|CIRCUIT:CONTROL,PULSE REGULATOR,BATTERY|GENT|0.00|99.00|0.00|99.00|119536740.00|1321.00
469|119561030.00|VACUUM CLEANER,PORTABLE BACK PACK,13 LIT|COGN|0.00|99.00|0.00|99.00|119561030.00|1141.00
470|119597620.00|SWITCH,TEMP,120/240 VAC 10/5 A,#HH22HB07|COGN|0.00|99.00|0.00|99.00|119597620.00|1141.00
471|119690030.00|LAMP,INCAN,240 V,3/4|COGN|0.00|99.00|0.00|99.00|119690030.00|1141.00
472|119690060.00|LAMP,INCAN,250 V,7,EDISON SCREW,CLEAR|TRAN|0.00|99.00|0.00|99.00|119690060.00|1141.00
473|119707000.00|LAMP,HID,220 VAC,400A,MOGUL,CLEAR,#HR400|COGN|0.00|99.00|0.00|99.00|119707000.00|1141.00
474|119707000.00|LAMP,HID,220 VAC,400A,MOGUL,CLEAR,#HR400|COGN|0.00|99.00|0.00|99.00|119707000.00|1171.00
475|119730410.00|FLOURESCENT LIGHTING FIXTURE: SKYLIGHT|GENT|0.00|99.00|0.00|99.00|119730410.00|1141.00
476|119730510.00|LIGHT,FLRSCNT,220 VAC,40,4 FT LG LAMP,#C|GENT|0.00|99.00|0.00|99.00|119730510.00|1141.00
477|119730510.00|LIGHT,FLRSCNT,220 VAC,40,4 FT LG LAMP,#C|GENT|0.00|99.00|0.00|99.00|119730510.00|1320.00
478|119730510.00|LIGHT,FLRSCNT,220 VAC,40,4 FT LG LAMP,#C|GENT|0.00|99.00|0.00|99.00|119730510.00|1600.00
479|119730650.00|LIGHT,FLRSCNT,220 VAC,65,5 FT LG LAMP,WL|COGN|0.00|99.00|0.00|99.00|119730650.00|1141.00
480|123360190.00|WIPER,WS,#9301WIPER|COGN|0.00|99.00|0.00|99.00|123360190.00|1141.00
481|135310330.00|RELAY:GP,ELECTROMAGNETIC,5 A,4NC,110 TO|TRAN|0.00|99.00|0.00|99.00|135310330.00|1300.00
482|142160390.00|PIECE,INTERMEDIATE,GAS TURBINE,35 MM WD|GENT|0.00|99.00|0.00|99.00|142160390.00|1140.00
483|142160590.00|PIECE,INTERMEDIATE,GAS TURBINE,32 MM WD|GENT|0.00|99.00|0.00|99.00|142160590.00|1140.00
484|152015340.00|TRANSMITTER:SIGNAL,PRESSURE,0-500 PSIG I|GENT|0.00|99.00|0.00|99.00|152015340.00|1141.00
485|152015340.00|TRANSMITTER:SIGNAL,PRESSURE,0-500 PSIG I|GENT|0.00|99.00|0.00|99.00|152015340.00|1171.00
486|152015340.00|TRANSMITTER:SIGNAL,PRESSURE,0-500 PSIG I|GENT|0.00|99.00|0.00|99.00|152015340.00|1181.00
487|152015340.00|TRANSMITTER:SIGNAL,PRESSURE,0-500 PSIG I|GENT|0.00|99.00|0.00|99.00|152015340.00|1191.00
488|152390670.00|BREAKER,CRCT,MC,400 VAC, 440 VDC,2 POLE|GENT|0.00|99.00|0.00|99.00|152390670.00|1141.00
489|155064480.00|PLATE,LOCK,COMBUSTION INSPECTION,GAS TUR|GENT|0.00|99.00|0.00|99.00|155064480.00|1170.00
490|155064570.00|LINER,COMBUSTER,GAS TURBINE GE FRAME 7,1|GENT|0.00|99.00|0.00|99.00|155064570.00|1141.00
491|155064570.00|LINER,COMBUSTER,GAS TURBINE GE FRAME 7,1|GENT|0.00|99.00|0.00|99.00|155064570.00|1142.00
492|155064570.00|LINER,COMBUSTER,GAS TURBINE GE FRAME 7,1|GENT|0.00|99.00|0.00|99.00|155064570.00|1181.00
493|155064570.00|LINER,COMBUSTER,GAS TURBINE GE FRAME 7,1|GENT|0.00|99.00|0.00|99.00|155064570.00|1322.00
494|155064570.00|LINER,COMBUSTER,GAS TURBINE GE FRAME 7,1|GENT|0.00|99.00|0.00|99.00|155064570.00|1601.00
